City_ID,City,Country,Lat,Lng,Max Temp,Humidity,Cloudiness,Wind Speed,Current Description
0,Mataura,NZ,-46.1927,168.8643,60.48,39,91,3.83,overcast clouds
1,Mayor Pablo Lagerenza,PY,-19.9309,-60.7718,60.28,72,100,5.37,overcast clouds
2,Podgornoye,RU,51.735,39.1496,43.02,81,75,11.18,broken clouds
3,Lerwick,GB,60.1545,-1.1494,50.0,84,99,22.75,overcast clouds
4,La Asuncion,VE,11.0333,-63.8628,78.69,87,60,12.91,broken clouds
5,Tiksi,RU,71.6872,128.8694,0.19,87,100,15.95,overcast clouds
6,Cuamba,MZ,-14.8031,36.5372,71.42,56,3,2.91,clear sky
7,Yuancheng,CN,36.652,107.7896,22.33,45,0,21.32,clear sky
8,Ushuaia,AR,-54.8,-68.3,40.66,100,90,11.5,light intensity drizzle
9,Rikitea,PF,-23.1203,-134.9692,75.52,83,98,13.85,overcast clouds
10,Sarkand,KZ,45.41,79.9186,24.66,74,1,3.78,clear sky
11,Coahuayana,MX,18.7333,-103.6833,77.14,90,100,2.15,overcast clouds
12,Adrar,MR,20.5022,-10.0711,67.53,34,39,8.05,scattered clouds
13,Sinnamary,GF,5.3833,-52.95,77.86,88,100,7.54,overcast clouds
14,Tuktoyaktuk,CA,69.4541,-133.0374,8.22,92,11,7.25,few clouds
15,Ancud,CL,-41.8697,-73.8203,49.42,92,8,5.53,clear sky
16,Kavaratti,IN,10.5669,72.642,81.73,72,95,9.82,overcast clouds
17,Ribeira Grande,PT,38.5167,-28.7,69.89,86,90,27.13,overcast clouds
18,Hilo,US,19.7297,-155.09,80.33,66,40,3.44,scattered clouds
19,Bowen,AU,-20.0167,148.2333,81.97,61,75,11.21,broken clouds
20,Zhigansk,RU,66.7697,123.3711,-1.88,90,100,13.67,overcast clouds
21,Sakakah,SA,29.9697,40.2064,56.77,39,0,4.23,clear sky
22,Ulaangom,MN,49.9811,92.0667,16.63,62,99,1.59,overcast clouds
23,Rio Hato,PA,8.3833,-80.1667,80.78,86,49,5.61,scattered clouds
24,Roald,NO,62.5833,6.1333,44.01,65,100,19.57,overcast clouds
25,Longyearbyen,SJ,78.2186,15.6401,13.84,62,75,8.05,broken clouds
26,Codrington,AU,-38.2667,141.9667,57.54,57,67,11.21,broken clouds
27,Castro,BR,-24.7911,-50.0119,62.8,96,70,7.36,broken clouds
28,Alofi,NU,-19.0595,-169.9187,82.29,69,58,14.97,broken clouds
29,Victoria,HK,22.2855,114.1577,86.05,78,5,3.0,clear sky
30,Lubango,AO,-14.9172,13.4925,64.98,64,100,1.74,overcast clouds
31,Baltiysk,RU,54.6538,19.911,46.38,87,100,25.12,overcast clouds
32,Georgetown,MY,5.4112,100.3354,89.53,71,20,2.3,few clouds
33,Vaini,TO,-21.2,-175.2,80.76,94,75,9.22,broken clouds
34,Saint George,US,37.1041,-113.5841,69.35,35,1,1.99,clear sky
35,Medea,DZ,36.2642,2.7539,43.25,96,100,3.47,overcast clouds
36,Rolla,US,37.9514,-91.7713,49.95,70,1,1.99,clear sky
37,New Norfolk,AU,-42.7826,147.0587,64.65,44,7,1.99,clear sky
38,Quang Ngai,VN,15.1167,108.8,83.03,70,16,2.13,few clouds
39,Bathsheba,BB,13.2167,-59.5167,81.21,78,40,18.41,scattered clouds
40,Busselton,AU,-33.65,115.3333,65.05,42,26,2.35,scattered clouds
41,Alice Springs,AU,-23.7,133.8833,71.15,83,90,8.05,light rain
42,Kapaa,US,22.0752,-159.319,82.38,83,90,1.99,light rain
43,Songkhla,TH,6.8333,100.6667,86.05,72,94,6.15,overcast clouds
44,Carnarvon,AU,-24.8667,113.6333,73.47,64,1,17.27,clear sky
45,Hobart,AU,-42.8794,147.3294,65.01,54,20,1.99,few clouds
46,Faanui,PF,-16.4833,-151.75,80.56,69,38,5.82,scattered clouds
47,Ballyshannon,IE,54.5,-8.1833,44.62,69,98,19.8,overcast clouds
48,Palmer,US,42.1584,-72.3287,39.38,71,0,2.21,clear sky
49,Chuy,UY,-33.6971,-53.4616,54.14,79,3,5.61,clear sky
50,Fuyang,CN,32.9,115.8167,38.44,94,100,21.25,overcast clouds
51,Doha,QA,25.2867,51.5333,78.78,58,0,2.3,clear sky
52,Sitka,US,57.0531,-135.33,37.29,81,40,3.44,scattered clouds
53,Punta Arenas,CL,-53.15,-70.9167,48.31,87,90,8.05,overcast clouds
54,Xuddur,SO,4.1213,43.8894,69.64,87,0,7.14,clear sky
55,Cabrera,DO,19.6426,-69.9049,79.32,84,43,11.92,scattered clouds
56,Hithadhoo,MV,-0.6,73.0833,83.01,69,93,15.73,overcast clouds
57,Shimoda,JP,34.6667,138.95,62.96,87,100,14.25,moderate rain
58,Butaritari,KI,3.0707,172.7902,82.49,64,45,13.35,scattered clouds
59,Tasiilaq,GL,65.6145,-37.6368,23.16,79,76,8.63,broken clouds
60,Port Elizabeth,ZA,-33.918,25.5701,60.1,94,75,13.8,broken clouds
61,Jamestown,US,42.097,-79.2353,44.71,72,1,6.91,clear sky
62,Cape Town,ZA,-33.9258,18.4232,59.11,73,94,1.99,overcast clouds
63,Saint-Pierre,RE,-21.3393,55.4781,80.56,62,0,4.61,clear sky
64,Port Alfred,ZA,-33.5906,26.891,62.92,91,100,8.1,light rain
65,Stromness,GB,58.965,-3.296,48.16,90,100,28.01,overcast clouds
66,Airai,TL,-8.9266,125.4092,80.38,42,52,2.3,broken clouds
67,Mahebourg,MU,-20.4081,57.7,79.25,78,40,10.36,scattered clouds
68,Pahrump,US,36.2083,-115.9839,73.11,16,17,5.01,few clouds
69,Puerto Ayora,EC,-0.7393,-90.3518,69.71,74,56,10.31,broken clouds
70,Bairiki,KI,1.3292,172.9752,86.0,62,20,6.91,few clouds
71,Mar Del Plata,AR,-38.0023,-57.5575,53.87,80,0,1.01,clear sky
72,Lagoa,PT,39.05,-27.9833,68.47,85,70,28.74,broken clouds
73,High Level,CA,58.5169,-117.136,30.31,100,90,4.61,light snow
74,Nantucket,US,41.2835,-70.0995,47.08,76,1,4.61,clear sky
75,Olafsvik,IS,64.8945,-23.7142,34.39,70,78,7.31,heavy snow
76,Aripuana,BR,-9.1667,-60.6333,71.51,98,100,1.43,overcast clouds
77,Kavieng,PG,-2.5744,150.7967,85.03,72,25,14.92,light rain
78,Haysyn,UA,48.8114,29.3898,37.6,81,81,5.01,broken clouds
79,Yaan,NG,7.3833,8.5667,74.28,91,100,4.97,light rain
80,Upernavik,GL,72.7868,-56.1549,14.72,84,95,10.13,overcast clouds
81,Abu Kamal,SY,34.4506,40.9171,63.73,43,0,3.67,clear sky
82,Cabo San Lucas,MX,22.8909,-109.9124,79.52,55,29,6.8,scattered clouds
83,Mafinga,TZ,-7.25,35.0667,70.27,51,97,3.83,overcast clouds
84,Forio,IT,40.7342,13.8646,63.25,77,99,16.73,overcast clouds
85,Portland,US,45.5234,-122.6762,44.64,92,90,1.01,overcast clouds
86,Aklavik,CA,68.2191,-135.0107,14.83,97,86,0.74,overcast clouds
87,Bredasdorp,ZA,-34.5322,20.0403,51.12,87,50,3.44,scattered clouds
88,Hami,CN,42.8,93.45,28.6,26,0,2.73,clear sky
89,East London,ZA,-33.0153,27.9116,64.2,90,100,1.61,light rain
90,Sao Felix Do Xingu,BR,-6.6447,-51.995,71.33,99,100,1.77,overcast clouds
91,Kitimat,CA,54.0524,-128.6534,39.58,28,100,2.04,overcast clouds
92,Yellowknife,CA,62.456,-114.3525,30.42,89,90,8.05,overcast clouds
93,Atuona,PF,-9.8,-139.0333,78.06,72,4,14.9,clear sky
94,Port Hedland,AU,-20.3167,118.5667,84.25,65,40,13.8,scattered clouds
95,Khatanga,RU,71.9667,102.5,9.01,89,100,5.5,overcast clouds
96,Hay River,CA,60.8156,-115.7999,30.18,93,75,4.61,light snow
97,Akureyri,IS,65.6835,-18.0878,33.73,93,90,4.61,light rain
98,Puerto El Triunfo,SV,13.2833,-88.55,83.32,73,82,7.0,broken clouds
99,Saskylakh,RU,71.9167,114.0833,-3.42,99,37,6.78,scattered clouds
100,Oranjemund,NA,-28.55,16.4333,57.52,83,81,12.57,broken clouds
101,Denpasar,ID,-8.65,115.2167,87.46,74,20,6.91,few clouds
102,Evensk,RU,61.95,159.2333,33.82,94,100,17.34,light rain
103,Piacabucu,BR,-10.4056,-36.4344,77.77,88,100,10.2,overcast clouds
104,Pevek,RU,69.7008,170.3133,7.47,75,100,15.1,overcast clouds
105,Cherskiy,RU,68.75,161.3,17.58,95,100,8.34,light snow
106,Mackenzie,CA,55.2999,-123.1698,32.22,93,90,0.0,overcast clouds
107,Nicoya,CR,10.1483,-85.452,74.75,93,99,2.66,overcast clouds
108,Amahai,ID,-3.3333,128.9167,86.83,64,100,2.26,overcast clouds
109,Dikson,RU,73.5069,80.5464,16.52,95,100,4.5,overcast clouds
110,Husavik,IS,66.0449,-17.3389,33.71,99,100,7.7,light rain
111,Avarua,CK,-21.2078,-159.775,75.25,73,42,12.66,scattered clouds
112,Cidreira,BR,-30.1811,-50.2056,64.09,68,99,9.4,overcast clouds
113,Yumen,CN,40.2833,97.2,21.76,27,0,3.02,clear sky
114,Arraial Do Cabo,BR,-22.9661,-42.0278,68.76,73,17,1.43,few clouds
115,Thompson,CA,55.7435,-97.8558,30.36,100,90,0.0,light snow
116,Yulara,AU,-25.2406,130.9889,73.24,68,75,11.5,broken clouds
117,Kodinsk,RU,58.6881,99.1844,23.72,86,99,10.63,overcast clouds
118,San Patricio,US,28.017,-97.5169,64.24,63,0,6.96,clear sky
119,Gweru,ZW,-19.45,29.8167,66.99,40,11,6.24,few clouds
120,Hinton,CA,53.4001,-117.5857,28.44,63,32,3.78,scattered clouds
121,Rawson,AR,-43.3002,-65.1023,67.51,28,94,26.35,overcast clouds
122,Esil,KZ,51.9556,66.4042,28.96,25,98,14.99,overcast clouds
123,Manaure,CO,11.7751,-72.4445,81.82,77,61,16.04,broken clouds
124,Chokurdakh,RU,70.6333,147.9167,-9.22,99,49,7.47,scattered clouds
125,San Vicente,AR,-26.6167,-54.1333,62.19,94,73,4.83,broken clouds
126,Hobyo,SO,5.3505,48.5268,79.21,67,30,6.08,scattered clouds
127,Corund,RO,46.4667,25.1833,42.87,81,99,2.3,overcast clouds
128,Bethel,US,41.3712,-73.414,39.9,81,1,0.0,clear sky
129,Souillac,MU,-20.5167,57.5167,79.36,78,40,10.36,scattered clouds
130,Kodiak,US,57.79,-152.4072,31.44,68,7,9.37,clear sky
131,Mount Isa,AU,-20.7333,139.5,76.77,78,90,11.5,overcast clouds
132,Christchurch,NZ,-43.5333,172.6333,61.0,79,90,11.01,overcast clouds
133,Primorsk,UA,46.7348,36.3443,45.99,73,45,8.16,scattered clouds
134,Davod,HU,45.995,18.9172,45.86,85,93,5.03,overcast clouds
135,Provideniya,RU,64.3833,-173.3,21.61,88,99,9.89,overcast clouds
136,Chester,US,40.1254,-75.8749,41.52,82,1,1.01,clear sky
137,Bluff,NZ,-46.6,168.3333,60.8,81,99,13.56,overcast clouds
138,Gravdal,NO,68.1214,13.5031,41.31,71,87,6.71,overcast clouds
139,Nouakchott,MR,18.0858,-15.9785,73.33,61,1,13.18,clear sky
140,Kahului,US,20.8947,-156.47,80.62,70,1,23.02,clear sky
141,Alamosa,US,37.4695,-105.87,49.51,36,1,12.66,clear sky
142,Port-Gentil,GA,-0.7193,8.7815,78.6,86,100,9.8,light rain
143,Lamu,KE,-2.2717,40.902,73.62,79,24,7.23,few clouds
144,Vila Velha,BR,-20.3297,-40.2925,71.94,89,75,1.01,broken clouds
145,Guerrero Negro,MX,27.9769,-114.0611,66.33,85,60,10.76,broken clouds
146,Fergus Falls,US,46.283,-96.0776,51.78,61,1,9.22,clear sky
147,Antofagasta,CL,-23.65,-70.4,61.88,77,43,6.2,scattered clouds
148,Ponta Do Sol,PT,32.6667,-17.1,67.71,61,21,8.59,few clouds
149,Hearst,CA,49.6835,-83.6665,44.85,87,100,6.91,overcast clouds
150,Wajir,KE,1.7471,40.0573,75.81,73,5,13.24,clear sky
151,Kemijarvi,FI,66.7131,27.4306,29.25,85,100,11.88,overcast clouds
152,Saint-Philippe,RE,-21.3585,55.7679,80.47,82,34,9.69,scattered clouds
153,Anamur,TR,36.0751,32.8369,53.62,35,0,7.38,clear sky
154,Bambous Virieux,MU,-20.3428,57.7575,79.21,78,40,10.36,scattered clouds
155,La Ronge,CA,55.1001,-105.2842,37.65,93,75,4.61,broken clouds
156,Pecos,US,31.4229,-103.4932,66.31,47,1,4.61,clear sky
157,Tukrah,LY,32.5341,20.5791,71.44,49,100,2.06,overcast clouds
158,Hirara,JP,24.8,125.2833,82.26,69,20,12.66,few clouds
159,Shaunavon,CA,49.6501,-108.4181,37.18,47,100,4.27,overcast clouds
160,Saint-Joseph,RE,-21.3667,55.6167,79.47,78,18,9.91,few clouds
161,Nikolskoye,RU,59.7035,30.7861,40.87,85,50,7.78,light rain
162,Kaitangata,NZ,-46.2817,169.8464,58.93,71,100,7.87,overcast clouds
163,Lebu,CL,-37.6167,-73.65,51.8,89,22,15.21,few clouds
164,Meulaboh,ID,4.1363,96.1285,79.83,86,100,9.73,light rain
165,Taoudenni,ML,22.6783,-3.9836,73.74,20,0,4.07,clear sky
166,Kaspiyskiy,RU,45.3929,47.3707,49.46,77,100,14.61,overcast clouds
167,Kaz,RU,52.9113,87.3105,25.12,73,94,3.36,overcast clouds
168,Iqaluit,CA,63.7506,-68.5145,20.93,73,40,8.01,scattered clouds
169,Boddam,GB,57.4667,-1.7833,47.08,72,29,41.96,scattered clouds
170,Carmen,MX,18.6333,-91.8333,77.41,63,85,12.17,overcast clouds
171,Plavsk,RU,53.7094,37.2919,44.6,78,100,17.83,light rain
172,Laguna,US,38.421,-121.4238,59.5,84,90,3.44,overcast clouds
173,Lasa,IT,46.6166,10.7002,32.88,56,0,2.98,clear sky
174,Luganville,VU,-15.5333,167.1667,80.82,79,100,4.21,overcast clouds
175,Barrow,US,71.2906,-156.7887,14.02,85,1,9.22,clear sky
176,Fort Nelson,CA,58.8053,-122.7002,29.79,100,90,6.91,light snow
177,Clyde River,CA,70.4692,-68.5914,6.96,87,46,4.79,scattered clouds
178,Sorland,NO,67.667,12.6934,41.45,72,98,10.31,overcast clouds
179,Saldanha,ZA,-33.0117,17.9442,53.65,69,100,16.44,overcast clouds
180,Paka,MY,4.6374,103.4368,85.39,71,97,2.08,overcast clouds
181,Derzhavinsk,KZ,51.1,66.3167,26.64,26,44,13.33,scattered clouds
182,Sychevka,RU,55.8252,34.2736,38.39,78,39,13.06,scattered clouds
183,Huarmey,PE,-10.0681,-78.1522,65.57,84,72,8.19,broken clouds
184,Klaksvik,FO,62.2266,-6.589,47.32,94,100,33.76,overcast clouds
185,Bagdarin,RU,54.4333,113.6,16.75,52,100,2.71,overcast clouds
186,Canmore,CA,51.0834,-115.3521,32.11,86,27,5.75,scattered clouds
187,Araouane,ML,18.9048,-3.5265,81.41,19,89,9.04,overcast clouds
188,Havre-Saint-Pierre,CA,50.2334,-63.5986,46.4,75,75,17.27,broken clouds
189,Almaznyy,RU,48.0448,40.045,41.14,86,28,8.32,scattered clouds
190,Orlik,RU,52.5178,99.825,14.23,77,66,1.81,broken clouds
191,Rio Grande,BR,-32.035,-52.0986,59.95,72,94,8.21,overcast clouds
192,Deputatskiy,RU,69.3,139.9,-13.63,97,88,5.53,overcast clouds
193,Gobabis,NA,-22.45,18.9667,71.38,15,100,9.22,overcast clouds
194,Vardo,NO,70.3705,31.1107,33.71,62,100,13.11,light rain
195,Zhovtneve,UA,50.6637,24.2492,36.41,88,2,7.81,clear sky
196,Sjenica,RS,43.2731,19.9994,49.91,86,100,6.35,overcast clouds
197,Peniche,PT,39.3558,-9.3811,52.61,77,1,13.58,clear sky
198,Qaanaaq,GL,77.484,-69.3632,5.85,74,94,7.23,overcast clouds
199,Haines Junction,CA,60.7522,-137.5108,26.55,93,100,3.44,overcast clouds
200,Cayenne,GF,4.9333,-52.3333,81.09,87,0,4.0,light rain
201,Simao,CN,22.7886,100.9748,73.71,58,9,1.74,clear sky
202,Cody,US,44.5263,-109.0565,48.42,50,1,14.97,clear sky
203,Severo-Kurilsk,RU,50.6789,156.125,39.49,71,68,10.92,broken clouds
204,Hermanus,ZA,-34.4187,19.2345,56.89,79,71,6.13,broken clouds
205,Lucapa,AO,-8.4192,20.7447,63.99,96,100,0.34,overcast clouds
206,Nanortalik,GL,60.1432,-45.2371,31.26,71,97,12.64,overcast clouds
207,Manzanillo,CU,20.3433,-77.1167,75.34,86,97,3.47,overcast clouds
208,Constitucion,CL,-35.3333,-72.4167,50.14,92,36,8.9,scattered clouds
209,Esperance,AU,-33.8667,121.9,64.24,58,45,9.04,scattered clouds
210,Ilhabela,BR,-23.7781,-45.3581,68.77,85,74,4.88,broken clouds
211,Omboue,GA,-1.5746,9.2618,77.09,90,100,5.01,overcast clouds
212,Bara,NG,10.3744,10.7288,75.16,35,100,2.73,overcast clouds
213,Timbo,BR,-26.8233,-49.2717,70.57,93,100,1.79,overcast clouds
214,Ayagoz,KZ,47.9714,80.4392,10.74,77,11,4.05,few clouds
215,Talnakh,RU,69.4865,88.3972,20.23,92,100,19.28,light snow
216,Albany,US,42.6001,-73.9662,35.31,83,0,2.1,clear sky
217,Bilma,NE,18.6853,12.9164,75.99,15,100,5.97,overcast clouds
218,Ndende,GA,-2.4008,11.3581,72.7,99,100,1.28,overcast clouds
219,Sao Filipe,CV,14.8961,-24.4956,78.84,71,85,9.06,overcast clouds
220,Lukiv,UA,51.0521,25.4006,35.19,85,4,8.99,clear sky
221,Makokou,GA,0.5738,12.8642,69.19,99,100,1.83,light rain
222,Andenes,NO,69.3143,16.1194,37.38,70,100,17.27,overcast clouds
223,Muisne,EC,0.6,-80.0333,74.89,86,100,9.75,light rain
224,Dinhata,IN,26.1333,89.4667,72.97,68,6,6.69,clear sky
225,Salasu De Sus,RO,45.5167,22.95,52.38,93,100,2.21,overcast clouds
226,Tsiroanomandidy,MG,-18.7667,46.0333,73.67,49,94,1.52,overcast clouds
227,Kuching,MY,1.55,110.3333,77.22,94,40,5.75,heavy intensity rain
228,Basse,DE,52.5518,9.5069,51.26,85,75,14.97,broken clouds
229,Punta Alta,AR,-38.8759,-62.0736,57.4,45,99,2.59,overcast clouds
230,Pullman,US,46.7313,-117.1796,40.84,83,1,13.0,clear sky
231,Hambantota,LK,6.1241,81.1185,82.74,89,20,6.91,few clouds
232,Geraldton,AU,-28.7667,114.6,70.21,49,0,17.27,clear sky
233,Poso,ID,-1.3959,120.7524,86.63,67,35,4.68,scattered clouds
234,Kokopo,PG,-4.352,152.2633,86.58,60,17,6.06,few clouds
235,Samarai,PG,-10.6167,150.6667,85.64,66,6,14.81,clear sky
236,Roblin,CA,51.23,-101.3565,40.55,56,11,8.72,few clouds
237,Port Blair,IN,11.6667,92.75,84.45,69,70,9.75,broken clouds
238,Vestmanna,FO,62.1564,-7.1664,45.52,87,75,12.66,broken clouds
239,Unguia,CO,8.0434,-77.0945,74.66,98,100,2.17,light rain
240,Yar-Sale,RU,66.8333,70.8333,34.68,97,100,16.46,overcast clouds
241,Nizhniy Tsasuchey,RU,50.5167,115.1333,24.26,29,44,11.05,scattered clouds
242,Bukama,CD,-9.2,25.85,69.26,82,92,2.08,overcast clouds
243,Jining,CN,35.405,116.5814,31.3,95,100,26.51,snow
244,Ilieni,RO,45.8,25.7667,56.57,76,86,2.68,overcast clouds
245,Wattegama,LK,6.7989,81.4808,74.25,93,100,3.96,overcast clouds
246,Kandiari,PK,26.9156,68.5216,78.58,22,0,3.15,clear sky
247,Idrinskoye,RU,54.3708,92.1358,21.27,89,97,4.18,overcast clouds
248,Tall Kayf,TR,37.0833,41.0667,66.54,42,0,5.79,clear sky
249,Salalah,OM,17.0151,54.0924,73.49,64,0,3.44,clear sky
250,Kattivakkam,IN,13.2167,80.3167,77.09,95,100,17.65,overcast clouds
251,Hoquiam,US,46.9809,-123.8893,46.92,50,100,4.0,overcast clouds
252,Westport,US,41.1415,-73.3579,46.54,75,1,1.1,clear sky
253,Vao,NC,-22.6667,167.4833,69.76,60,20,8.95,few clouds
254,Te Anau,NZ,-45.4167,167.7167,68.58,37,98,5.55,overcast clouds
255,Vega De Alatorre,MX,20.0333,-96.6333,72.57,84,61,4.61,broken clouds
256,Zaozerne,UA,45.1582,33.2787,53.94,70,100,11.74,overcast clouds
257,Nabire,ID,-3.3667,135.4833,85.87,65,89,5.32,overcast clouds
258,Vredendal,ZA,-31.6683,18.5012,56.08,68,100,4.92,overcast clouds
259,Calvinia,ZA,-31.4707,19.776,50.59,69,100,2.73,overcast clouds
260,Vad,RU,55.5301,44.2114,40.05,90,100,15.86,moderate rain
261,Azanka,RU,58.0401,64.7893,35.71,59,100,14.92,overcast clouds
262,Mount Gambier,AU,-37.8333,140.7667,60.71,51,90,8.05,overcast clouds
263,Bonavista,CA,48.6499,-53.1147,44.11,78,16,20.92,few clouds
264,Fukue,JP,32.6881,128.8419,70.16,60,0,9.22,clear sky
265,San Diego De La Union,MX,21.4667,-100.8667,56.08,73,3,6.17,clear sky
266,La Roda,ES,39.2167,-2.15,37.9,66,0,9.06,clear sky
267,Mushie,CD,-3.0167,16.9,71.1,96,100,2.1,overcast clouds
268,Los Llanos De Aridane,ES,28.6585,-17.9182,64.15,71,75,11.01,broken clouds
269,Kabompo,ZM,-13.5927,24.2008,63.39,40,21,2.21,few clouds
270,Gamba,GA,-2.65,10.0,76.05,89,100,1.48,overcast clouds
271,Chipinge,ZW,-20.1883,32.6236,67.1,39,1,3.15,clear sky
272,Katsuura,JP,35.1333,140.3,66.18,75,100,8.43,moderate rain
273,Yeppoon,AU,-23.1333,150.7333,85.78,61,79,15.77,broken clouds
274,Shieli,KZ,44.1667,66.75,33.62,24,0,11.01,clear sky
275,Cairns,AU,-16.9167,145.7667,94.95,60,9,10.36,clear sky
276,Mapiri,BO,-15.25,-68.1667,66.69,98,100,1.43,overcast clouds
277,Elat,IL,29.5581,34.9482,69.64,52,0,9.22,clear sky
278,Vanimo,PG,-2.6741,141.3028,87.15,59,58,7.18,broken clouds
279,Guaramirim,BR,-26.4731,-49.0028,71.08,97,100,1.95,overcast clouds
280,Okhotsk,RU,59.3833,143.3,11.95,80,100,31.07,light snow
281,Bengkulu,ID,-3.8004,102.2655,72.95,90,100,10.25,overcast clouds
282,Nyurba,RU,63.2842,118.3319,10.69,93,100,7.67,overcast clouds
283,Camana,PE,-16.6228,-72.7111,64.51,87,76,8.08,broken clouds
284,Asau,RO,46.4333,26.4,46.76,70,100,3.4,light rain
285,Tigil,RU,57.8,158.6667,21.69,86,10,4.36,clear sky
286,Steamboat Springs,US,40.485,-106.8317,51.3,50,1,4.61,clear sky
287,Valdivia,CL,-39.8142,-73.2459,50.09,97,13,1.68,few clouds
288,Nan,TH,18.8333,100.6667,77.02,89,40,0.0,scattered clouds
289,Manjeshwar,IN,12.7194,74.8861,77.95,82,61,3.8,broken clouds
290,Tibati,CM,6.4667,12.6333,67.32,89,82,2.21,broken clouds
291,Anadyr,RU,64.75,177.4833,7.3,85,90,6.71,light snow
292,Onalaska,US,43.8844,-91.2351,57.04,76,1,9.22,clear sky
293,Tiznit,MA,29.5833,-9.5,54.48,56,0,2.42,clear sky
294,Margate,GB,51.3813,1.3862,53.96,83,100,5.01,overcast clouds
295,Tamandare,BR,-8.7597,-35.1047,77.58,89,44,9.37,scattered clouds
296,Erzin,TR,36.9559,36.2,52.32,35,1,3.65,clear sky
297,Asfi,MA,32.2994,-9.2372,55.38,61,0,14.2,clear sky
298,Sjovegan,NO,68.8726,17.8474,35.83,88,100,6.51,overcast clouds
299,Maiduguri,NG,11.8464,13.1603,76.05,31,30,4.21,scattered clouds
300,San Cristobal,VE,7.7669,-72.225,71.78,88,99,2.01,overcast clouds
301,Suntar,RU,62.1444,117.6319,14.85,86,91,7.11,overcast clouds
302,Mangochi,MW,-14.4782,35.2645,77.32,44,4,2.84,clear sky
303,Orumiyeh,IR,37.5527,45.0761,31.55,93,0,4.61,clear sky
304,Edd,ER,13.9297,41.6925,81.99,52,7,9.55,clear sky
305,Vestmannaeyjar,IS,63.4427,-20.2734,37.67,81,70,18.39,broken clouds
306,Lokosovo,RU,61.1333,74.8167,32.52,98,100,14.83,snow
307,Salinopolis,BR,-0.6136,-47.3561,79.79,83,89,8.7,overcast clouds
308,Khonsa,IN,27.0167,95.5667,69.26,54,42,2.93,scattered clouds
309,Muroto,JP,33.2833,134.15,71.64,64,27,17.43,scattered clouds
310,Okha,RU,53.5739,142.9478,26.42,76,100,27.45,light snow
311,Dumai,ID,1.6833,101.45,86.68,62,98,5.28,overcast clouds
312,Amazar,RU,53.858,120.875,20.52,49,79,2.39,broken clouds
313,Inuvik,CA,68.3499,-133.7218,14.86,92,90,6.91,light snow
314,Lompoc,US,34.6391,-120.4579,58.32,86,40,9.22,scattered clouds
315,Prieska,ZA,-29.6641,22.7474,59.77,28,9,2.51,clear sky
316,San Nicolas,PH,18.1725,120.5953,89.51,58,20,4.61,few clouds
317,Faya,SA,18.3851,42.4509,53.71,67,0,2.59,clear sky
318,Arlit,NE,18.7369,7.3853,78.22,13,0,10.51,clear sky
319,Krasnopavlivka,UA,49.1372,36.3272,39.02,83,6,7.16,clear sky
320,Guaymas,MX,27.9333,-110.9,68.45,45,58,1.19,broken clouds
321,Calama,CL,-22.4667,-68.9333,46.89,15,0,10.36,clear sky
322,Makinsk,KZ,52.6292,70.4169,25.59,51,95,15.82,overcast clouds
323,Dauphin,CA,51.1494,-100.0502,39.34,70,1,10.36,clear sky
324,Xai-Xai,MZ,-25.0519,33.6442,72.03,92,100,2.13,overcast clouds
325,Caldwell,US,43.6629,-116.6874,50.61,69,90,4.61,overcast clouds
326,Ahipara,NZ,-35.1667,173.1667,66.92,70,38,3.29,scattered clouds
327,San Francisco De Becerra,HN,14.6333,-86.1,78.6,78,92,4.61,overcast clouds
328,Vieste,IT,41.8825,16.175,57.33,86,48,10.51,scattered clouds
329,Acapulco,MX,16.8634,-99.8901,82.22,83,40,2.3,scattered clouds
330,Chemal,RU,51.4111,86.005,22.42,80,11,4.7,few clouds
331,Sisimiut,GL,66.9395,-53.6735,19.76,73,22,11.1,few clouds
332,Araguaina,BR,-7.1911,-48.2072,73.44,93,99,4.45,overcast clouds
333,Torbay,CA,47.6666,-52.7314,43.27,77,90,14.97,overcast clouds
334,Alekseyevka,RU,50.6309,38.6903,40.35,83,25,10.31,scattered clouds
335,Touros,BR,-5.1989,-35.4608,81.5,83,5,10.49,clear sky
336,Mazagao,BR,-0.115,-51.2894,80.65,90,94,3.6,overcast clouds
337,Quatre Cocos,MU,-20.2078,57.7625,79.09,78,36,13.76,scattered clouds
338,Balkhash,KZ,46.844,74.9804,20.01,45,0,11.18,clear sky
339,Korla,CN,41.7597,86.1469,26.94,37,5,7.29,clear sky
340,Port Keats,AU,-14.25,129.55,88.36,61,54,7.67,light rain
341,Karachi,PK,24.9056,67.0822,66.02,59,1,0.0,smoke
342,Homer,US,59.6425,-151.5483,33.69,83,90,4.61,overcast clouds
343,Grand Gaube,MU,-20.0064,57.6608,79.38,71,5,7.0,clear sky
344,Gabrovo,BG,42.8747,25.3342,55.13,92,100,1.61,overcast clouds
345,Isangel,VU,-19.55,169.2667,80.71,74,75,11.5,broken clouds
346,Aljezur,PT,37.3191,-8.8033,45.63,55,0,8.72,clear sky
347,Dzhebariki-Khaya,RU,62.2167,135.8,-0.17,94,96,0.36,overcast clouds
348,Jalu,LY,29.0331,21.5482,66.61,47,3,5.23,clear sky
349,Vila Franca Do Campo,PT,37.7167,-25.4333,68.41,79,1,15.1,clear sky
350,Leningradskiy,RU,69.3833,178.4167,-4.54,88,11,5.97,few clouds
351,Ahuimanu,US,21.4447,-157.8378,83.91,65,40,17.27,scattered clouds
352,Raudeberg,NO,61.9875,5.1352,45.27,79,100,1.01,overcast clouds
353,Slupca,PL,52.2873,17.8719,44.2,75,90,15.75,overcast clouds
354,Berbera,SO,10.4396,45.0143,77.61,71,3,4.74,clear sky
355,Grindavik,IS,63.8424,-22.4338,35.55,93,40,12.66,scattered clouds
356,Kutum,SD,14.2,24.6667,68.54,32,0,7.92,clear sky
357,Ilulissat,GL,69.2167,-51.1,19.42,49,20,2.3,few clouds
358,Bertinoro,IT,44.1469,12.1389,48.02,88,75,6.91,broken clouds
359,Broome,US,42.2506,-75.833,37.98,68,0,3.0,clear sky
360,Kruisfontein,ZA,-34.0033,24.7314,57.88,78,100,5.48,overcast clouds
361,Lavrentiya,RU,65.5833,-171.0,10.98,80,89,3.2,overcast clouds
362,Gualaquiza,EC,-3.4,-78.55,62.76,98,66,1.45,light rain
363,Trairi,BR,-3.2778,-39.2689,79.2,80,70,9.84,broken clouds
364,Pueblo Nuevo,MX,23.3833,-105.3833,54.41,73,6,5.75,clear sky
365,Tezu,IN,27.9167,96.1667,75.27,29,64,2.3,broken clouds
366,Gewane,ET,10.1664,40.6453,76.3,37,37,2.89,scattered clouds
367,Novo Aripuana,BR,-5.1206,-60.3797,73.65,99,100,2.13,overcast clouds
368,Vagur,FO,61.4732,-6.8119,47.07,91,79,34.96,broken clouds
369,Turochak,RU,52.2576,87.1224,20.55,84,54,2.39,broken clouds
370,Miraflores,MX,19.2167,-98.8083,59.04,59,91,3.06,overcast clouds
371,Octeville,FR,49.6261,-1.6435,55.92,94,90,18.41,overcast clouds
372,Ratnagiri,IN,16.9833,73.3,79.86,76,88,5.73,overcast clouds
373,Murgab,TM,37.4966,61.9714,31.87,86,75,0.0,mist
374,Thunder Bay,CA,48.4001,-89.3168,51.57,97,1,4.61,clear sky
375,Junin,AR,-34.5838,-60.9433,57.97,59,97,10.45,overcast clouds
376,Sorong,ID,-0.8833,131.25,84.47,71,86,6.02,overcast clouds
377,Mnogovershinnyy,RU,53.9353,139.9242,19.76,67,100,21.97,overcast clouds
378,Tura,IN,25.5198,90.2201,72.73,69,4,1.61,clear sky
379,Vychegodskiy,RU,61.247,46.8984,37.69,96,100,7.99,light rain
380,Coquimbo,CL,-29.9533,-71.3436,55.13,82,0,2.3,clear sky
381,Chicama,PE,-7.8447,-79.1469,65.26,82,86,5.64,overcast clouds
382,Lorengau,PG,-2.0226,147.2712,86.16,67,94,9.08,overcast clouds
383,Bistrica,RO,47.1332,24.5001,45.37,74,100,0.27,overcast clouds
384,Garmsar,IR,35.2182,52.3409,52.12,63,100,1.77,overcast clouds
385,Hamilton,US,39.1834,-84.5333,45.79,74,1,0.0,clear sky
386,Poum,NC,-20.2333,164.0167,73.0,74,43,3.62,scattered clouds
387,Bakel,SN,14.905,-12.4568,87.08,22,35,4.61,scattered clouds
388,Suining,CN,30.508,105.5733,48.9,37,100,17.56,overcast clouds
389,Burnie,AU,-41.0667,145.9167,61.81,56,8,7.49,clear sky
390,Rabo De Peixe,PT,37.8,-25.5833,67.51,85,20,17.27,few clouds
391,Mangrol,IN,21.1167,70.1167,78.03,39,58,11.27,broken clouds
392,Kieta,PG,-6.2167,155.6333,84.87,70,19,6.89,light rain
393,Luderitz,NA,-26.6481,15.1594,56.28,76,27,15.66,scattered clouds
394,Benemerito De Las Americas,MX,16.5167,-90.6439,67.17,94,21,2.42,few clouds
395,Katobu,ID,-4.9408,122.5276,90.93,53,83,3.0,broken clouds
396,Richards Bay,ZA,-28.783,32.0377,68.72,90,99,2.75,overcast clouds
397,Saint-Augustin,CA,51.226,-58.6502,36.12,88,100,12.59,overcast clouds
398,Rey Bouba,CM,8.6724,14.1786,76.6,75,60,1.05,broken clouds
399,Dingle,PH,10.9995,122.6711,85.05,75,97,12.88,heavy intensity rain
400,Lazaro Cardenas,MX,17.9583,-102.2,78.51,86,99,2.66,overcast clouds
401,Valdemarpils,LV,57.3707,22.5919,49.42,94,100,8.93,light rain
402,Micheweni,TZ,-4.9667,39.8333,76.66,82,81,5.12,broken clouds
403,Pacific Grove,US,36.6177,-121.9166,60.48,86,1,1.01,clear sky
404,Karratha,AU,-20.7377,116.8463,84.78,42,7,14.56,clear sky
405,Steyr,AT,48.0427,14.4213,38.08,89,0,2.84,clear sky
406,Jiguani,CU,20.3667,-76.4272,74.98,93,100,1.5,light rain
407,Foumban,CM,5.7291,10.9001,63.01,94,100,2.75,light rain
408,Blythe,US,33.6103,-114.5964,79.25,21,1,10.36,clear sky
409,Kirkwall,GB,58.9848,-2.9587,48.25,88,75,37.98,broken clouds
410,Yerofey Pavlovich,RU,53.9667,121.9667,18.48,47,100,1.68,overcast clouds
411,Sarankhola,BD,22.3082,89.7897,75.24,60,6,5.28,clear sky
412,Belmonte,BR,-15.8631,-38.8828,73.9,89,87,8.12,overcast clouds
413,Mezen,RU,65.8522,44.24,33.82,98,100,7.09,light rain
414,Palora,EC,-1.7,-77.9333,64.44,98,84,2.8,broken clouds
415,Penzance,GB,50.1186,-5.5371,52.81,78,77,17.45,broken clouds
416,Emba,KZ,48.8264,58.1442,27.77,29,82,7.96,broken clouds
417,Hovd,MN,48.0056,91.6419,19.42,29,100,1.05,overcast clouds
418,Roma,US,43.2128,-75.4557,40.87,84,1,5.75,clear sky
419,Tomigusuku,JP,26.185,127.675,80.73,68,20,18.41,few clouds
420,Veracruz,MX,19.3333,-96.6667,70.86,94,88,1.48,overcast clouds
421,Batagay,RU,67.6333,134.6333,-9.04,89,19,3.4,few clouds
422,Enshi,CN,30.3,109.4833,47.55,92,100,6.85,light rain
423,Nova Gradiska,HR,45.255,17.3831,45.01,96,97,1.63,overcast clouds
424,Omsukchan,RU,62.5333,155.8,18.9,97,100,7.63,overcast clouds
425,Blankenberge,BE,51.3131,3.1323,55.35,85,74,4.0,broken clouds
426,Beringovskiy,RU,63.05,179.3167,15.39,88,24,6.15,few clouds
427,Gat,IL,31.61,34.7642,70.39,48,0,2.86,clear sky
428,Sault Sainte Marie,CA,46.5168,-84.3333,52.09,77,90,10.36,overcast clouds
429,Fairview,US,40.8126,-73.999,49.21,59,1,3.44,clear sky
430,Tommot,RU,58.9564,126.2925,20.19,84,100,9.46,overcast clouds
431,Puksoozero,RU,62.5903,40.6066,32.58,89,98,6.87,overcast clouds
432,Port Lincoln,AU,-34.7333,135.8667,60.98,53,72,10.29,broken clouds
433,Namibe,AO,-15.1961,12.1522,70.07,82,100,5.44,overcast clouds
434,Santa Cruz De La Palma,ES,28.6835,-17.7642,68.14,73,75,10.36,broken clouds
435,Suphan Buri,TH,14.4742,100.1222,87.98,78,71,5.64,broken clouds
436,Novopskov,UA,49.5464,39.0899,40.82,83,5,7.74,clear sky
437,Riberalta,BO,-10.9833,-66.1,74.73,91,92,3.58,overcast clouds
438,Otacilio Costa,BR,-27.4831,-50.1219,59.61,99,100,3.8,overcast clouds
439,Fortuna,US,40.5982,-124.1573,49.98,73,1,0.0,clear sky
440,Marzuq,YE,14.4,46.4667,64.08,29,29,2.33,scattered clouds
441,Campoverde,PE,-8.4753,-74.8058,80.29,82,81,1.7,broken clouds
442,Hun,LY,29.1268,15.9477,68.77,31,7,9.71,clear sky
443,Banda Aceh,ID,5.5577,95.3222,81.05,79,97,2.19,overcast clouds
444,Iralaya,HN,15.0,-83.2333,77.04,90,100,14.32,overcast clouds
445,Banswada,IN,18.3833,77.8833,72.66,58,56,4.99,broken clouds
446,Saint Anthony,US,45.0205,-93.218,57.7,66,1,1.01,clear sky
447,Carahue,CL,-38.7,-73.1667,52.0,99,30,3.29,scattered clouds
448,Ardakan,IR,32.31,54.0175,48.58,39,91,6.22,overcast clouds
449,Teguise,ES,29.0605,-13.564,62.82,63,2,18.41,clear sky
450,Fairmont,US,39.4851,-80.1426,43.97,68,2,1.83,clear sky
451,Yerbogachen,RU,61.2767,108.0108,14.47,93,88,9.22,overcast clouds
452,Namatanai,PG,-3.6667,152.4333,84.7,71,48,11.21,light rain
453,Kaeo,NZ,-35.1,173.7833,66.13,74,55,5.66,broken clouds
454,Zhuhai,CN,22.2769,113.5678,86.86,74,20,6.91,few clouds
455,Bloemfontein,ZA,-29.1211,26.214,47.68,76,0,5.75,clear sky
456,Moron,AR,-34.6534,-58.6198,63.97,73,96,1.01,overcast clouds
457,Ulaanbaatar,MN,47.9077,106.8832,12.33,44,0,2.24,clear sky
458,Palu,ID,-0.8917,119.8707,86.22,78,87,3.02,overcast clouds
459,Anchorage,US,61.2181,-149.9003,32.68,87,90,0.0,overcast clouds
460,Katherine,AU,-14.4667,132.2667,89.92,55,88,5.75,overcast clouds
461,Allende,MX,25.2833,-100.0167,60.57,85,1,2.93,clear sky
462,Royan,FR,45.6285,-1.0281,49.98,81,68,2.8,broken clouds
463,Amuntai,ID,-2.4177,115.2494,87.58,70,87,2.82,overcast clouds
464,Honiara,SB,-9.4333,159.95,87.55,59,4,6.62,clear sky
465,Charters Towers,AU,-20.1,146.2667,95.07,28,4,17.67,clear sky
466,Bubaque,GW,11.2833,-15.8333,83.82,74,9,11.99,clear sky
467,Half Moon Bay,US,37.4636,-122.4286,59.99,77,90,1.01,overcast clouds
468,Terra Santa,BR,-2.1042,-56.4869,75.69,89,99,1.45,overcast clouds
469,Martinsville,US,36.6915,-79.8725,51.62,59,90,5.75,overcast clouds
470,Visaginas,LT,55.6,26.4167,45.25,91,100,13.04,light rain
471,Teixoso,PT,40.3145,-7.4576,41.68,36,21,14.0,few clouds
472,Mizdah,LY,31.4451,12.9801,67.15,28,93,3.67,overcast clouds
473,Billings,US,45.7833,-108.5007,55.17,47,90,6.91,overcast clouds
474,Porto Walter,BR,-8.2686,-72.7439,72.21,96,19,2.17,few clouds
475,Cam Ranh,VN,11.9214,109.1591,82.36,74,75,6.91,moderate rain
476,Lisakovsk,KZ,52.5369,62.4936,31.5,25,100,16.44,overcast clouds
477,Nouadhibou,MR,20.931,-17.0347,66.18,72,0,19.57,clear sky
478,Binzhou,CN,37.3667,118.0167,34.34,98,100,17.22,snow
479,Vanino,RU,49.0869,140.2543,33.12,26,0,11.25,clear sky
480,Tonj,SS,7.2737,28.6822,74.43,70,28,3.15,scattered clouds
481,Norman Wells,CA,65.282,-126.8329,24.84,100,75,2.3,light snow
482,Viedma,AR,-40.8135,-62.9967,57.42,51,100,14.32,overcast clouds
483,Dudinka,RU,69.4058,86.1778,27.19,95,100,20.83,light snow
484,Ust-Kuyga,RU,70.0167,135.6,-11.11,100,100,8.14,overcast clouds
485,Brookhaven,US,31.5791,-90.4407,46.8,82,0,3.71,clear sky
486,Dunedin,NZ,-45.8742,170.5036,62.51,70,76,8.05,broken clouds
487,Boa Vista,BR,2.8197,-60.6733,82.38,74,20,5.75,few clouds
488,Bongaree,AU,-27.0797,153.1586,81.54,71,45,16.51,scattered clouds
489,Borogontsy,RU,62.6683,131.1683,6.78,91,97,4.29,overcast clouds
490,Henties Bay,NA,-22.116,14.2845,57.09,92,25,7.74,scattered clouds
491,Lexington,US,37.9887,-84.4777,42.73,83,1,0.0,clear sky
492,Nome,US,64.5011,-165.4064,12.27,85,75,0.0,broken clouds
493,Grand Forks,US,47.9417,-97.4337,42.73,72,1,9.22,clear sky
494,Sabang,ID,5.8933,95.3214,79.48,80,100,4.21,moderate rain
495,Kouroussa,GN,10.65,-9.8833,76.3,71,40,3.78,scattered clouds
496,Padang,ID,-0.9492,100.3543,80.65,94,100,2.86,light rain
497,Narsaq,GL,60.9167,-46.05,34.02,70,100,9.86,overcast clouds
498,Kiama,AU,-34.6833,150.8667,80.08,71,100,8.5,light rain
499,Coromandel,BR,-18.4733,-47.2003,72.73,67,80,3.85,broken clouds
500,Rayagada,IN,19.1667,83.4167,73.85,69,26,2.64,scattered clouds
501,Soroti,UG,1.7146,33.6111,65.07,82,46,1.86,scattered clouds
502,Yuci,CN,37.6803,112.7319,28.15,50,0,13.42,clear sky
503,Gaoua,BF,10.2992,-3.2508,77.11,72,26,4.85,scattered clouds
504,Sedan,FR,49.6667,5.0,46.92,89,100,9.57,overcast clouds
505,Pasni,PK,25.2631,63.471,76.66,50,0,3.91,clear sky
506,Sorata,BO,-15.7667,-68.6333,46.27,89,100,4.12,overcast clouds
507,Naze,JP,28.3667,129.4833,74.32,71,75,18.03,broken clouds
508,Placido De Castro,BR,-10.3353,-67.1856,77.32,68,66,3.38,broken clouds
509,Havelian,PK,34.0536,73.1657,56.82,36,0,6.55,clear sky
510,Winnemucca,US,40.973,-117.7357,42.85,87,90,3.44,overcast clouds
511,Gidole,ET,5.65,37.3667,53.96,86,91,1.63,overcast clouds
512,Rongcheng,CN,30.634,117.8517,46.83,90,100,11.05,light rain
513,Pyapon,MM,16.2833,95.6833,82.56,79,100,6.33,overcast clouds
514,Aykhal,RU,66.0,111.5,7.2,94,100,19.33,overcast clouds
515,Axim,GH,4.8699,-2.2405,77.95,88,64,4.07,broken clouds
516,Khuzhir,RU,53.1939,107.3397,29.82,60,74,8.1,broken clouds
517,Pemberton,CA,50.3164,-122.8027,37.26,97,100,3.87,overcast clouds
518,Riyadh,SA,24.6877,46.7219,60.94,32,3,2.8,clear sky
519,Tilichiki,RU,60.4667,166.1,28.31,95,100,4.7,overcast clouds
520,Eatonton,US,33.3268,-83.3885,50.63,65,100,9.17,overcast clouds
521,Missoula,US,47.0166,-113.8009,28.85,90,100,4.65,light snow
522,Galle,LK,6.0367,80.217,79.0,83,99,15.03,overcast clouds
523,Nanakuli,US,21.3906,-158.1547,84.15,58,1,10.36,clear sky
524,Churapcha,RU,62.0025,132.4325,7.97,90,99,5.35,overcast clouds
525,Coihaique,CL,-45.5752,-72.0662,55.35,58,40,5.75,scattered clouds
526,Albertville,US,34.2676,-86.2089,47.71,85,1,4.61,clear sky
527,Bonfim,BR,3.0833,-59.95,78.85,74,99,7.52,overcast clouds
528,Mountain Home,US,43.133,-115.6912,47.14,100,1,3.44,clear sky
529,Keetmanshoop,NA,-26.5833,18.1333,61.09,37,55,3.71,broken clouds
530,Pisco,PE,-13.7,-76.2167,64.02,82,21,1.14,smoke
531,Collie,AU,-33.3667,116.15,66.83,41,13,5.5,few clouds
532,Novyye Burasy,RU,52.1324,46.0714,42.84,80,100,11.54,overcast clouds
533,Muscat,OM,23.6139,58.5922,80.62,46,0,4.23,clear sky
534,Pangnirtung,CA,66.1451,-65.7125,12.69,66,9,9.53,clear sky
535,La Rochelle,FR,46.1667,-1.15,50.07,93,90,5.75,overcast clouds
536,Somotillo,NI,13.0433,-86.9064,74.14,89,78,2.33,broken clouds
537,Surazh,RU,53.0175,32.3918,44.38,81,100,13.33,overcast clouds
538,Peleduy,RU,59.6289,112.7406,21.6,90,100,9.15,overcast clouds
539,Nerchinskiy Zavod,RU,51.3088,119.61,21.72,40,6,8.1,clear sky
540,Makubetsu,JP,45.3714,141.8211,42.51,61,75,8.05,broken clouds
541,Pangody,RU,65.85,74.4859,34.23,98,100,18.45,overcast clouds
542,Veraval,IN,20.9,70.3667,79.59,39,82,11.61,broken clouds
543,Puerto Quijarro,BO,-17.7833,-57.7667,63.32,76,100,4.23,overcast clouds
544,Dharchula,IN,29.85,80.5333,64.09,26,67,0.81,broken clouds
545,Searcy,US,35.2506,-91.7363,45.32,83,0,2.1,clear sky
546,Santa Fe,AR,-31.6333,-60.7,63.75,80,17,1.99,few clouds
547,Neuquen,AR,-38.9516,-68.0591,60.69,44,0,9.22,clear sky
548,Longonjo,AO,-12.9067,15.2533,65.07,86,99,1.16,overcast clouds
549,Poya,NC,-21.35,165.15,78.85,55,88,9.37,overcast clouds
550,Goderich,CA,43.7501,-81.7165,44.92,76,5,8.05,clear sky
551,Susurluk,TR,39.9136,28.1578,61.84,91,100,5.91,overcast clouds
552,Urubicha,BO,-15.3833,-62.95,64.83,90,100,2.66,overcast clouds
553,Abha,SA,18.2164,42.5053,53.42,87,0,0.0,clear sky
554,Rancho Palos Verdes,US,33.7445,-118.387,65.08,90,3,1.01,clear sky
555,Dandong,CN,40.1292,124.3947,50.59,65,100,6.64,overcast clouds
556,Praia Da Vitoria,PT,38.7333,-27.0667,69.76,88,20,21.54,few clouds
557,Bilibino,RU,68.0546,166.4372,13.33,96,100,2.17,light snow
558,Shubarshi,KZ,48.5872,57.1869,28.31,39,94,8.43,overcast clouds
559,Menongue,AO,-14.6585,17.691,65.91,70,93,2.35,overcast clouds
560,Pozo Colorado,PY,-23.4923,-58.7972,60.24,87,86,5.75,overcast clouds
561,Termoli,IT,41.9888,14.9895,57.02,87,100,5.99,overcast clouds
562,Dunhua,CN,43.3725,128.2425,33.78,78,100,4.09,overcast clouds
563,Flinders,AU,-34.5833,150.8552,79.88,71,100,1.01,overcast clouds
564,Makakilo City,US,21.3469,-158.0858,82.72,59,1,10.36,clear sky
565,Wanlaweyn,SO,2.6185,44.8938,75.61,83,0,5.57,clear sky
566,Bandarbeyla,SO,9.4942,50.8122,75.24,78,13,5.91,few clouds
567,Boffa,GN,10.1667,-14.0333,71.51,85,31,3.09,scattered clouds
568,Talugtug,PH,15.7778,120.8111,88.99,55,19,7.65,few clouds
569,Thinadhoo,MV,0.5333,72.9333,83.44,69,100,17.63,overcast clouds
570,Nioro,GM,13.35,-15.75,77.02,69,30,5.5,scattered clouds
571,Komsomolskiy,UZ,40.4272,71.7189,33.22,74,75,2.3,mist
572,Calbuco,CL,-41.768,-73.1273,45.61,92,9,3.56,clear sky
573,Labuhan,ID,-6.8844,112.2051,89.4,56,89,4.16,overcast clouds
574,Kano,NG,12.0001,8.5167,62.49,67,24,0.0,few clouds
575,Kralendijk,BQ,12.15,-68.2667,82.38,78,40,14.97,scattered clouds
576,Ostrovnoy,RU,68.0531,39.5131,33.39,72,100,23.98,light snow
577,Ranong,TH,9.9658,98.6348,87.73,77,100,4.38,overcast clouds
578,Sangin,AF,32.0728,64.8359,53.74,33,20,3.49,few clouds
579,Otane,NZ,-39.8833,176.6333,65.39,68,92,8.16,overcast clouds
580,Berlevag,NO,70.8578,29.0864,32.72,66,100,12.5,light snow
581,The Valley,AI,18.217,-63.0578,81.1,69,40,14.36,scattered clouds
582,Kenitra,MA,34.261,-6.5802,51.73,50,0,6.62,clear sky
583,Nizwa,OM,22.9333,57.5333,71.06,51,2,0.07,clear sky
584,Jaisalmer,IN,26.9147,70.9181,78.46,22,0,1.36,clear sky
585,Tawang,IN,27.5833,91.8667,50.92,47,75,4.32,broken clouds
586,Massarosa,IT,43.8676,10.3397,58.89,71,100,6.22,overcast clouds
587,Baglung,NP,28.2719,83.5898,64.06,60,59,1.41,broken clouds
588,Maunabo,PR,18.0072,-65.8993,80.44,81,39,8.88,scattered clouds
589,Presidencia Roque Saenz Pena,AR,-26.7852,-60.4388,61.79,92,66,4.09,broken clouds
590,Port Macquarie,AU,-31.4333,152.9167,80.56,63,100,11.25,light rain
591,Turbat,PK,26.0023,63.044,72.99,21,0,6.76,clear sky
592,Karpathos,GR,35.507,27.2132,66.16,88,35,14.97,scattered clouds
593,Yining,CN,29.0361,114.5636,45.72,90,100,11.7,overcast clouds
594,Sagauli,IN,26.7833,84.7333,70.36,58,28,1.48,scattered clouds
595,Voloshka,RU,61.3314,40.0858,37.02,82,99,7.61,overcast clouds
596,Tumaco,CO,1.7986,-78.8156,76.71,87,93,7.9,light rain
597,Pedernales,DO,18.0384,-71.744,79.3,77,10,3.69,clear sky
598,Dodoma,TZ,-6.1722,35.7395,65.91,61,90,5.97,overcast clouds
599,Svetlogorsk,BY,52.6333,29.7333,44.56,83,93,12.03,overcast clouds
600,Kyabe,TD,9.4515,18.9449,76.01,71,71,3.24,broken clouds
601,Mehriz,IR,31.5917,54.4318,43.3,54,51,3.11,broken clouds
602,Vila Frescainha,PT,41.5385,-8.6397,48.49,69,2,4.99,clear sky
603,Koroni,GR,36.8,21.95,65.07,67,100,2.33,overcast clouds
604,Vicuna,CL,-30.0319,-70.7081,47.93,46,1,0.87,clear sky
605,Terrace Bay,CA,48.7834,-87.1,47.82,86,38,5.66,scattered clouds
606,Lumphat,KH,13.4878,106.9816,84.51,66,99,4.47,overcast clouds
607,Ouallam,NE,14.3188,2.0866,83.48,16,100,8.77,overcast clouds
608,Kenora,CA,49.8167,-94.4337,45.57,87,20,8.05,few clouds
609,Ola,RU,59.5833,151.2833,35.15,89,100,35.12,light rain
610,Bow Island,CA,49.8668,-111.3684,37.42,64,33,6.91,scattered clouds
611,Pergine Valsugana,IT,46.065,11.238,42.39,82,61,3.58,broken clouds
612,Zaranj,AF,30.9667,61.8833,48.16,26,59,11.03,broken clouds
613,Roebourne,AU,-20.7833,117.1333,87.73,38,8,14.54,clear sky
614,Camacha,PT,33.0833,-16.3333,63.82,55,40,16.11,scattered clouds
615,Natal,BR,-5.795,-35.2094,81.25,83,40,6.91,scattered clouds
616,Labuan,MY,5.2767,115.2417,88.16,74,20,2.3,few clouds
617,Ulladulla,AU,-35.35,150.4667,82.76,66,88,5.28,moderate rain
618,Devonport,AU,-41.1667,146.35,62.78,66,33,12.03,scattered clouds
619,Hailey,US,43.5196,-114.3153,37.26,81,90,8.05,light intensity drizzle
620,Prachuap Khiri Khan,TH,12.2167,99.75,82.71,65,93,3.27,overcast clouds
621,Lumeje,AO,-11.55,20.7833,69.35,62,100,4.45,overcast clouds
622,Kachiry,KZ,53.0675,76.1036,29.39,49,95,14.14,overcast clouds
623,San Ciro De Acosta,MX,21.6333,-99.8167,58.14,93,28,3.15,scattered clouds
624,Srednekolymsk,RU,67.45,153.6833,1.58,96,99,6.13,overcast clouds
625,Pucara,PE,-15.9803,-71.4606,32.13,28,100,2.01,overcast clouds
626,Millinocket,US,45.6573,-68.7098,41.02,93,1,0.0,clear sky
627,Sangar,RU,63.9242,127.4739,0.16,96,100,1.41,overcast clouds
628,Melendugno,IT,40.2747,18.3368,61.05,96,0,0.0,clear sky
629,Mao,ES,39.8885,4.2658,57.76,72,90,33.38,light rain
630,San Carlos,VE,9.6612,-68.5827,76.66,74,69,2.82,broken clouds
631,Aquiraz,BR,-3.9014,-38.3911,81.18,83,68,8.68,broken clouds
632,Monki,PL,53.405,22.7979,42.67,80,100,14.74,overcast clouds
633,Norman,US,35.2226,-97.4395,56.97,73,1,11.5,clear sky
634,Chimbote,PE,-9.0853,-78.5783,63.46,87,86,5.28,overcast clouds
635,Manyana,BW,-23.4,21.7167,75.04,40,100,5.64,overcast clouds
636,Patacamaya,BO,-17.2333,-67.9167,49.08,75,93,5.86,overcast clouds
637,Payakumbuh,ID,-0.2202,100.6308,76.69,82,93,4.09,overcast clouds
638,Zeya,RU,53.75,127.2667,20.55,32,96,2.51,overcast clouds
639,Ushtobe,KZ,45.2514,77.9838,18.01,83,6,4.94,clear sky
640,Rovaniemi,FI,66.5,25.7167,27.81,93,20,12.66,few clouds
641,Kijang,KR,35.2442,129.2139,71.33,54,28,17.96,scattered clouds
642,Uribia,CO,11.7139,-72.266,81.64,75,53,16.33,broken clouds
643,Nampula,MZ,-15.1165,39.2666,69.75,94,0,4.61,clear sky
644,Eseka,CM,3.65,10.7667,72.37,99,100,1.41,light rain
645,Joshimath,IN,30.5667,79.5667,58.39,18,0,3.18,clear sky
646,Buala,SB,-8.145,159.5921,85.95,61,1,9.35,clear sky
647,Creston,US,41.0586,-94.3614,54.54,100,1,9.22,clear sky
648,Dargaville,NZ,-35.9333,173.8833,67.5,75,40,4.99,scattered clouds
649,Muros,ES,42.7762,-9.0603,50.99,90,0,12.59,clear sky
650,Areka,ET,7.0667,37.7,57.63,78,25,4.07,scattered clouds
651,Artyshta,RU,54.1222,86.2909,21.61,88,99,14.03,overcast clouds
652,Hanchuan,CN,30.65,113.7667,44.71,81,100,21.59,overcast clouds
653,Ust-Tsilma,RU,65.441,52.1498,34.09,98,100,6.76,light rain
654,Alugan,PH,12.2188,125.4808,82.02,85,100,10.49,overcast clouds
655,Ambilobe,MG,-13.2,49.05,72.36,78,9,3.29,clear sky
656,Gizo,SB,-8.103,156.8419,84.27,70,16,8.52,light rain
657,Sinop,TR,41.7711,34.8709,52.68,69,67,1.59,broken clouds
658,Cabedelo,BR,-6.9811,-34.8339,81.27,85,3,11.5,clear sky
659,Krasnokamensk,RU,50.0979,118.0369,24.15,35,0,11.01,clear sky
660,Bintulu,MY,3.1667,113.0333,82.81,83,40,3.44,light rain
661,Shelburne,CA,44.0787,-80.2041,40.6,79,45,11.61,scattered clouds
662,Phalombe,MW,-15.8064,35.6507,71.42,48,1,1.92,clear sky
663,Krasnyy Chikoy,RU,50.3643,108.7512,22.37,41,98,3.89,overcast clouds
664,Vyartsilya,RU,62.1764,30.693,36.05,80,99,7.65,overcast clouds
665,Lekoni,GA,-1.5843,14.2591,70.16,92,100,2.46,overcast clouds
666,Monrovia,LR,6.3005,-10.7969,74.97,83,100,1.52,overcast clouds
667,Baghdad,IQ,33.3406,44.4009,53.51,58,0,9.22,clear sky
668,Zabaykalsk,RU,49.6333,117.3167,24.03,30,0,10.6,clear sky
669,San Nicola,IT,40.6116,8.991,58.28,96,86,6.38,overcast clouds
670,Salzburg,AT,47.7994,13.044,35.8,97,20,3.44,fog
671,Mataram,ID,-8.5833,116.1167,90.41,68,12,4.99,few clouds
672,Yichun,CN,47.7,128.9,25.95,27,100,2.68,overcast clouds
673,Berezovyy,RU,51.6667,135.7,26.55,28,0,7.63,clear sky
674,Pinega,RU,64.7001,43.3936,35.91,78,100,10.78,overcast clouds
675,Batagay-Alyta,RU,67.8006,130.4114,-7.58,82,100,4.52,overcast clouds
676,Manta,EC,-0.95,-80.7333,71.38,88,75,17.27,broken clouds
677,Krasnovishersk,RU,60.4078,57.082,39.24,96,100,11.45,overcast clouds
678,Matai,TZ,-8.3,31.5167,65.12,49,83,6.02,broken clouds
679,Meridian,US,43.6121,-116.3915,49.78,75,1,1.01,clear sky
680,Igarka,RU,67.4667,86.5833,31.08,98,100,15.7,light snow
681,Dasoguz,TM,41.8363,59.9666,23.11,58,0,6.91,clear sky
682,Bac Lieu,VN,9.285,105.7244,85.69,73,57,13.44,broken clouds
683,Vuktyl,RU,63.8567,57.3094,35.26,98,100,11.77,light rain
684,Napierville,CA,45.1865,-73.4047,42.84,87,1,2.3,clear sky
685,Mantua,IT,45.1667,10.7833,48.7,81,100,1.01,overcast clouds
686,Mega,ET,4.05,38.3,61.48,73,54,3.6,broken clouds
687,Solvychegodsk,RU,61.3305,46.9156,37.31,96,100,8.34,light rain
688,Tuatapere,NZ,-46.1333,167.6833,60.82,66,100,8.37,overcast clouds
689,Cockburn Town,TC,21.4612,-71.1419,82.99,77,93,17.4,overcast clouds
690,Hegang,CN,47.4,130.3667,28.6,19,100,3.22,overcast clouds
691,Bosaso,SO,11.2842,49.1816,76.73,50,30,4.32,scattered clouds
692,San Quintin,MX,30.4833,-115.95,62.44,88,0,5.66,clear sky
693,Russell,US,32.3502,-85.1999,49.6,90,7,5.7,clear sky
694,Agirish,RU,61.9247,63.0231,33.6,97,100,11.5,overcast clouds
695,Paramonga,PE,-10.6667,-77.8333,64.69,86,95,8.72,overcast clouds
696,Trelew,AR,-43.249,-65.3051,68.72,24,96,27.09,overcast clouds
697,Vintar,PH,18.2284,120.6475,89.35,58,20,4.61,few clouds
698,Kotma,IN,23.2,81.9667,67.82,50,4,1.74,clear sky
699,Panguna,PG,-6.3164,155.4848,82.26,60,25,4.29,light rain
700,Borbon,PH,10.838,124.0297,85.89,74,97,8.25,overcast clouds
701,Klyuchi,RU,52.2667,79.1667,28.26,64,99,13.38,overcast clouds
702,Tubuala,PA,9.5167,-79.0333,79.34,83,99,3.51,overcast clouds
703,Bobo Dioulasso,BF,11.1771,-4.2979,79.25,73,0,4.61,clear sky
704,Zhanaozen,KZ,43.3,52.8,31.15,27,0,10.67,clear sky
705,Beboto,TD,8.2668,16.939,72.25,85,86,3.69,overcast clouds
706,Maniitsoq,GL,65.4167,-52.9,25.56,63,61,11.5,broken clouds
707,Fonte Boa,BR,-2.4959,-66.2662,73.36,98,75,1.14,moderate rain
708,Basco,PH,20.4487,121.9702,81.91,81,7,9.46,clear sky
709,Price,US,39.5994,-110.8107,50.72,56,1,0.0,clear sky
710,Popondetta,PG,-8.7537,148.2534,92.39,46,55,8.68,broken clouds
